ID,STATUS
Q1,FINISHED
Q2,FINISHED
Q3,FINISHED
Q4,FINISHED
Q5,FINISHED
Q6,FINISHED
Q7,FINISHED
Q8,FINISHED
Q9,FINISHED
Q10,FINISHED
Q11,FINISHED
Q12,FINISHED
Q13,FINISHED
Q14,FINISHED
Q15,FINISHED
Q16,FINISHED
Q17,FINISHED
Q18,FINISHED
Q19,FINISHED
Q20,FINISHED
Q21,FINISHED
Q22,FINISHED
Q23,FINISHED
Q24,FINISHED
Q25,FINISHED
Q26,FINISHED
Q27,NOT_START
Q28,NOT_START
Q29,NOT_START
Q30,NOT_START
Q31,NOT_START
Q32,NOT_START
Q33,NOT_START
Q34,NOT_START
Q35,NOT_START
Q36,NOT_START
Q98,NOT_START
Q99,NOT_START
